"ZoomInfo","https://logo.clearbit.com/zoominfo.com"
"Zoom","https://logo.clearbit.com/zoom.us"
"Zendesk","https://logo.clearbit.com/zendesk.com"
"Zapier","https://logo.clearbit.com/zapier.com"
"Workday","https://logo.clearbit.com/workday.com"
"Vanta","https://logo.clearbit.com/vanta.com"
"UserTesting","https://logo.clearbit.com/usertesting.com"
"Twilio SendGrid","https://logo.clearbit.com/sendgrid.com"
"Twilio","https://logo.clearbit.com/twilio.com"
"Tropic","https://logo.clearbit.com/tropicapp.io"
"Thomson Reuters","https://logo.clearbit.com/thomsonreuters.com"
"Tableau","https://logo.clearbit.com/tableau.com"
"SurveyMonkey","https://logo.clearbit.com/surveymonkey.com"
"Stripe","https://logo.clearbit.com/stripe.com"
"Sprout Social","https://logo.clearbit.com/sproutsocial.com"
"Snyk","https://logo.clearbit.com/snyk.io"
"Snowflake","https://logo.clearbit.com/snowflake.com"
"Smartsheet","https://logo.clearbit.com/smartsheet.com"
"Slack","https://logo.clearbit.com/slack.com"
"SHI","https://logo.clearbit.com/shi.com"
"Sentry","https://logo.clearbit.com/sentry.io"
"Segment","https://logo.clearbit.com/segment.com"
"Salesloft","https://logo.clearbit.com/salesloft.com"
"Salesforce","https://logo.clearbit.com/salesforce.com"
"Sage Intacct","https://logo.clearbit.com/sage.com"
"Rippling","https://logo.clearbit.com/rippling.com"
"Qualtrics","https://logo.clearbit.com/qualtrics.com"
"productboard","https://logo.clearbit.com/productboard.com"
"Postman","https://logo.clearbit.com/postman.com"
"Pendo","https://logo.clearbit.com/pendo.io"
"PagerDuty","https://logo.clearbit.com/pagerduty.com"
"Outreach","https://logo.clearbit.com/outreach.io"
"Oracle","https://logo.clearbit.com/oracle.com"
"OneTrust","https://logo.clearbit.com/onetrust.com"
"Okta","https://logo.clearbit.com/okta.com"
"Notion","https://logo.clearbit.com/notion.so"
"New Relic","https://logo.clearbit.com/newrelic.com"
"NetSuite","https://logo.clearbit.com/netsuite.com"
"Monday.com","https://logo.clearbit.com/monday.com"
"Miro","https://logo.clearbit.com/miro.com"
"Microsoft","https://logo.clearbit.com/microsoft.com"
"Marketo","https://logo.clearbit.com/marketo.com"
"Lucidchart","https://logo.clearbit.com/lucid.co"
"Loom","https://logo.clearbit.com/loom.com"
"Looker","https://logo.clearbit.com/looker.com"
"LinkedIn Sales Navigator","https://logo.clearbit.com/salesnavigator.org"
"LinkedIn Recruiter","https://logo.clearbit.com/linkedin.com"
"LinkedIn","https://logo.clearbit.com/linkedin.com"
"Lever","https://logo.clearbit.com/lever.co"
"LeanData","https://logo.clearbit.com/leandata.com"
"LaunchDarkly","https://logo.clearbit.com/launchdarkly.com"
"Lattice","https://logo.clearbit.com/lattice.com"
"KnowBe4","https://logo.clearbit.com/knowbe4.com"
"Kandji","https://logo.clearbit.com/kandji.io"
"JFrog","https://logo.clearbit.com/jfrog.com"
"JetBrains","https://logo.clearbit.com/jetbrains.com"
"JAMF","https://logo.clearbit.com/jamf.com"
"Ironclad","https://logo.clearbit.com/ironcladapp.com"
"Intercom","https://logo.clearbit.com/intercom.com"
"HubSpot","https://logo.clearbit.com/hubspot.com"
"Greenhouse","https://logo.clearbit.com/greenhouse.com"
"Grammarly","https://logo.clearbit.com/grammarly.com"
"Google Workspace","https://logo.clearbit.com/google.com"
"Google Cloud","https://logo.clearbit.com/google.com"
"Gong","https://logo.clearbit.com/gong.io"
"GitLab","https://logo.clearbit.com/gitlab.com"
"GitHub","https://logo.clearbit.com/github.com"
"Gem","https://logo.clearbit.com/gem.com"
"G2","https://logo.clearbit.com/g2.com"
"FullStory","https://logo.clearbit.com/fullstory.com"
"FloQast","https://logo.clearbit.com/floqast.com"
"Fivetran","https://logo.clearbit.com/fivetran.com"
"Figma","https://logo.clearbit.com/figma.com"
"Dropbox","https://logo.clearbit.com/dropbox.com"
"DocuSign","https://logo.clearbit.com/docusign.com"
"Docker","https://logo.clearbit.com/docker.com"
"Datadog","https://logo.clearbit.com/datadoghq.com"
"Culture Amp","https://logo.clearbit.com/cultureamp.com"
"CrowdStrike","https://logo.clearbit.com/crowdstrike.com"
"Cloudflare","https://logo.clearbit.com/cloudflare.com"
"CircleCI","https://logo.clearbit.com/circleci.com"
"Chili Piper","https://logo.clearbit.com/chilipiper.com"
"CDW","https://logo.clearbit.com/cdw.com"
"Carta","https://logo.clearbit.com/carta.com"
"Canva","https://logo.clearbit.com/canva.com"
"Calendly","https://logo.clearbit.com/calendly.com"
"Built In","https://logo.clearbit.com/builtin.com"
"BrowserStack","https://logo.clearbit.com/browserstack.com"
"Box","https://logo.clearbit.com/box.com"
"Bill.com","https://logo.clearbit.com/bill.com"
"Avalara","https://logo.clearbit.com/avalara.com"
"Auth0","https://logo.clearbit.com/auth0.com"
"Atlassian","https://logo.clearbit.com/atlassian.com"
"Asana","https://logo.clearbit.com/asana.com"
"Amplitude","https://logo.clearbit.com/amplitude.com"
"Amazon","https://logo.clearbit.com/amazon.com"
"ADP","https://logo.clearbit.com/adp.com"
"Adobe","https://logo.clearbit.com/adobe.com"
"6Sense","https://logo.clearbit.com/6sense.com"
"1Password","https://logo.clearbit.com/1password.com"
